epoch,accuracy,loss,val_accuracy,val_loss
0,0.6088742017745972,0.6458248496055603,0.7547585368156433,0.511391282081604
1,0.7726863026618958,0.47524377703666687,0.8014426231384277,0.429294615983963
2,0.8298277258872986,0.3807552456855774,0.8152675032615662,0.39651334285736084
3,0.8693409562110901,0.30145254731178284,0.8355039358139038,0.37922295928001404
4,0.9140625,0.20679911971092224,0.8302945494651794,0.42412471771240234
5,0.955979585647583,0.11552110314369202,0.8421158194541931,0.4902714490890503
