epoch,accuracy,loss,val_accuracy,val_loss
0,0.5905448794364929,2.1129283905029297,0.6385493874549866,1.254637598991394
1,0.6236979365348816,1.0348330736160278,0.6377479434013367,1.0691845417022705
2,0.615234375,1.2825804948806763,0.6281306147575378,1.685225009918213
3,0.6329627633094788,1.0915513038635254,0.6533761024475098,1.0855525732040405
4,0.6584034562110901,1.1313087940216064,0.5754357576370239,0.9689582586288452
5,0.6877003312110901,0.866317868232727,0.721699059009552,1.016694188117981
