epoch,accuracy,loss,val_accuracy,val_loss
0,0.6670172214508057,0.6043359041213989,0.7665798664093018,0.4897296130657196
1,0.776442289352417,0.4675849378108978,0.7763975262641907,0.460899293422699
2,0.8199118375778198,0.39085081219673157,0.8010419011116028,0.4273051917552948
3,0.8637820482254028,0.31029611825942993,0.8184732794761658,0.405295193195343
4,0.9137119650840759,0.2080349624156952,0.8304948806762695,0.4570876955986023
5,0.9583834409713745,0.11023088544607162,0.8262873291969299,0.6166550517082214
