epoch,accuracy,loss,val_accuracy,val_loss
0,0.5817808508872986,1.4632091522216797,0.6485674381256104,0.7537868022918701
1,0.6305589079856873,0.6397445201873779,0.548587441444397,0.8055006861686707
2,0.6340144276618958,0.6389839053153992,0.6571829319000244,0.6385869979858398
3,0.647385835647583,0.6285009980201721,0.6579843759536743,0.6225312948226929
4,0.6713241338729858,0.5945711135864258,0.6968543529510498,0.5406727194786072
5,0.6925581097602844,0.584947407245636,0.7828090786933899,0.492692768573761
6,0.7152944803237915,0.5627952218055725,0.721298336982727,0.5401884317398071
7,0.7331230044364929,0.5357277989387512,0.7844119668006897,0.4441657066345215
