epoch,accuracy,loss,val_accuracy,val_loss
0,0.6338140964508057,2.61653733253479,0.69525146484375,1.4050822257995605
1,0.6924078464508057,1.1035553216934204,0.7253055572509766,0.968677282333374
2,0.7247095108032227,1.0542241334915161,0.7501502633094788,1.034497857093811
3,0.7473457455635071,1.4031589031219482,0.7617712020874023,1.0835858583450317
4,0.7863581776618958,1.0211129188537598,0.5199359059333801,1.9726085662841797
5,0.8118489384651184,1.1125707626342773,0.8150671124458313,1.0624538660049438
